ID_Pedido,Barrio,Tiempo_Minutos,Valor_ARS
5209,Maipu,50.756050022609074,14885.575608144249
5206,Godoy Cruz,37.22015412481498,7308.4146884822385
5759,Godoy Cruz,32.07537169551744,7614.349580202463
5641,Lujan de Cuyo,46.74593396488317,16415.53171841644
5783,Capital,52.663170912605715,13645.217332352437
5301,Maipu,32.874557801257794,14086.663873883006
5756,Godoy Cruz,36.83484753312264,13818.709503971955
5160,Godoy Cruz,27.024843112953018,16310.262746170953
5179,Maipu,14.346178765495175,14211.685575809342
5138,Maipu,42.97370952679247,13161.149199264713
5106,Godoy Cruz,39.80936051273995,16167.28476002315
5186,Guaymallen,50.800990751818865,12257.939470381109
5311,Maipu,38.29712385972795,14152.237219314715
5748,Capital,23.252949328724284,16299.029558503255
5324,Guaymallen,58.06548896512072,16601.279403445522
5715,Maipu,25.179993218059142,11450.103716065216
5074,Capital,43.34924552383138,15712.037061361045
5131,Guaymallen,65.34176471049446,15044.393861965133
5502,Guaymallen,57.267128543805065,13330.021964138085
5444,Lujan de Cuyo,37.14171925138411,
5381,Godoy Cruz,44.77698123045525,7662.26833490686
5194,Godoy Cruz,64.31681977396966,12140.258204228103
5122,Guaymallen,34.31407205888219,19506.38955379932
5246,Maipu,48.497100700550156,18804.82917022102
5562,Capital,37.160036140293386,22914.75115199559
5570,Capital,43.4045471329811,25307.236409392957
5400,Maipu,23.473502071547905,11029.27450364137
5269,Maipu,61.5570644487389,16974.986933309297
5475,Lujan de Cuyo,31.685220782355884,18141.011415605695
5366,Guaymallen,19.075166890509312,18053.533385944316
5265,Maipu,47.83785575316786,8101.768447980924
5412,Godoy Cruz,41.651097671021056,15472.783715509817
5524,Lujan de Cuyo,42.035885363255154,9542.647471372871
5291,Maipu,42.1942555057286,22958.42530272463
5543,Lujan de Cuyo,35.77601126701421,16933.738590492416
5276,Maipu,45.09065838044913,19212.360345103985
5113,Capital,35.997930837936146,16160.11214907766
5689,Godoy Cruz,37.540988952109394,8085.292660184313
5441,Lujan de Cuyo,73.26244483232264,20655.205286423152
5761,Maipu,45.005509956913116,15132.765771789458
5445,Lujan de Cuyo,39.504793154627414,12332.069139870255
5343,Lujan de Cuyo,37.86392488599191,18256.583932744597
5371,Godoy Cruz,29.56490837946374,18327.79078663737
5167,Capital,26.86074459250934,12867.348542904383
5183,Guaymallen,48.07182903513929,19502.01806447054
5115,Guaymallen,42.03595028004295,9184.567527277288
5786,Capital,20.601109879328362,16297.035387317595
5693,Godoy Cruz,39.17573260264724,13792.743885146552
5536,Maipu,51.09736487787584,24551.23470477319
5143,Lujan de Cuyo,9.03558564165932,16996.7877317052
5316,Capital,41.0053433181914,15214.2458457539
5333,Guaymallen,32.862186763336354,
5540,Lujan de Cuyo,22.33789581894311,9063.433090536742
5090,Lujan de Cuyo,48.680640564857086,
5009,Godoy Cruz,43.40770851805094,17991.11411461159
5358,Maipu,24.041175784240725,24096.417672383548
5664,Capital,53.02474275056173,4683.4446786439985
5220,Maipu,44.69773154944665,23644.774988277597
5247,Guaymallen,27.096546494069553,6618.884317401751
5222,Godoy Cruz,24.907108434237163,21021.23095532995
5352,Capital,53.639437727749254,8538.10670746323
5035,Lujan de Cuyo,39.769985748761854,13549.208980808762
5094,Lujan de Cuyo,49.939810915050955,18871.949219972426
5531,Guaymallen,38.83038663742719,16159.417746196923
5765,Capital,35.66937596809389,8157.076485099269
5270,Maipu,34.21372934035819,26445.922394309873
5056,Capital,57.9088350597971,13800.636744493515
5312,Maipu,38.266142253851825,
5655,Godoy Cruz,26.53801522540062,15915.096554861233
5129,Guaymallen,56.22442826449169,16342.225950791024
5546,Guaymallen,28.84238407723103,14367.52916843274
5150,Guaymallen,41.229347605088385,12482.051732136993
5712,Guaymallen,32.836087477661614,19197.47147155136
5663,Capital,24.33081747558831,6883.506159032264
5372,Guaymallen,7.976428445460641,19610.69261719353
5392,Maipu,19.540893379259334,14898.050416397824
5703,Lujan de Cuyo,49.300207158985636,18280.533789525238
5427,Godoy Cruz,41.8784790740426,12044.526548491169
5699,Lujan de Cuyo,34.26380515436043,17066.067329343306
5673,Godoy Cruz,45.36942665525967,16117.481773413223
5281,Capital,59.41037579151016,13050.669739250816
5345,Guaymallen,15.194397454297032,16260.225760633937
5540,Lujan de Cuyo,22.33789581894311,9063.433090536742
5232,Godoy Cruz,48.7408036864001,17333.479181987703
5646,Godoy Cruz,53.990542078427666,14061.570977512078
5533,Godoy Cruz,51.52670318865442,18828.573590126376
5627,Godoy Cruz,48.793402777163365,16301.58401562811
5415,Godoy Cruz,40.85768404192704,
5639,Guaymallen,33.784627219542465,18088.07820113705
5036,Guaymallen,33.935180692027615,24581.249522958133
5241,Capital,46.334766498664855,20676.46562586213
5201,Lujan de Cuyo,49.651308139046705,18068.38099535139
5070,Guaymallen,40.839645860107076,19203.97874510272
5579,Godoy Cruz,58.618277332407416,18377.655781833368
5377,Maipu,21.713924577649692,19511.195289373027
5271,Lujan de Cuyo,49.60034519027665,7922.628455137447
5440,Lujan de Cuyo,40.27823845036797,13387.202990181344
5770,Guaymallen,57.37252669409377,10469.549543736866
5193,Godoy Cruz,37.123853445615936,19396.392735989437
5100,Lujan de Cuyo,46.81488062777053,
5725,Godoy Cruz,32.537403578089915,16166.201617612678
5605,Maipu,45.99385791733936,17357.579437112516
5701,Maipu,49.80466253223832,20728.64732017795
5174,Guaymallen,37.068755663242165,17511.65016944395
5127,Guaymallen,36.21151913889762,12697.563039664905
5799,Maipu,43.245240813943575,9833.736698490156
5158,Lujan de Cuyo,31.135908974904936,20917.8415868184
5030,Godoy Cruz,36.89175827120138,8010.7414406358885
5784,Lujan de Cuyo,19.72392061705626,13169.353505785446
5351,Guaymallen,49.51518623202979,18853.719322585326
5001,Lujan de Cuyo,48.409642373040896,22755.142521563386
5071,Lujan de Cuyo,56.95128852378655,15781.562635624743
5450,Maipu,31.891184363823196,14316.98369192009
5557,Godoy Cruz,40.520230226838194,16321.545074528098
5306,Maipu,57.33564824197539,18624.47456681431
5548,Guaymallen,42.750005909249936,12532.515233233982
5434,Guaymallen,54.05662767333377,20183.177267692357
5700,Godoy Cruz,20.897395092678764,10760.417162765181
5151,Capital,11.650098882724713,10700.768089239094
5661,Maipu,52.08421704800608,13567.292586642505
5681,Lujan de Cuyo,45.45062864907127,15668.729658320917
5419,Maipu,27.071491193709818,19028.91206586137
5751,Lujan de Cuyo,16.35286563211838,12864.562034443017
5225,Maipu,66.3022320440486,8025.3878591443945
5778,Lujan de Cuyo,34.79441836702242,18269.631018789052
5403,Maipu,38.246679436781825,19736.44480539678
5287,Lujan de Cuyo,30.494698615179146,16355.583961285756
5435,Godoy Cruz,33.19527102731552,20198.721338683958
5027,Maipu,39.70956178605641,14992.661851243633
5410,Guaymallen,39.62267538956382,12077.418342124836
5157,Capital,42.89711243084551,15711.369843685008
5285,Lujan de Cuyo,34.79825902293942,10350.188419191398
5059,Godoy Cruz,39.2132630070935,10632.083045274558
5430,Guaymallen,43.39020196278789,19805.21723197416
5076,Guaymallen,41.64968485700553,12048.461611466648
5619,Maipu,41.56982919239476,13625.510096167336
5595,Lujan de Cuyo,45.711424583529926,16156.764162904276
5544,Capital,22.04860785112734,21653.087862068656
5745,Godoy Cruz,42.1312585400908,18076.11819913845
5749,Capital,36.55191428989931,14175.253555000216
5501,Godoy Cruz,60.80464653215382,21327.822504305826
5221,Guaymallen,48.77738487666652,11204.164150571001
5264,Guaymallen,33.401540967090476,8165.093975299146
5667,Maipu,33.17703224170732,16390.647663667318
5288,Lujan de Cuyo,42.07023650130199,20884.358906702913
5409,Capital,55.34687519182978,14618.808651987163
5249,Capital,48.46898627393932,13771.409601876598
5082,Lujan de Cuyo,36.56863600892977,20974.613474259313
5587,Lujan de Cuyo,35.67572220566059,13612.513672687923
5741,Godoy Cruz,17.390806294170087,25151.840277854168
5096,Capital,24.917837679960947,14157.508554318096
5236,Maipu,40.70839949288346,17910.284963050617
5108,Capital,48.77185937634225,16916.18243603947
5558,Guaymallen,39.61182015374642,17791.25556783
5482,Maipu,44.55660129332664,16639.402516143884
5169,Maipu,45.81663748115767,20465.47325071981
5396,Lujan de Cuyo,37.87337704800785,14629.82278876224
5517,Guaymallen,48.37775989315254,15607.06521409696
5007,Maipu,31.14568525068503,12479.127604413137
5596,Maipu,34.7108829837744,17565.23008733069
5079,Maipu,42.00947442356765,13168.9845869941
5439,Godoy Cruz,36.60619882120055,17331.42956563965
5680,Guaymallen,37.36021515289242,17077.569766817836
5750,Capital,62.14966859889632,8098.246800901522
5104,Lujan de Cuyo,29.740217131306313,10016.383739596284
5210,Guaymallen,33.45626382763617,16110.75982748529
5598,Lujan de Cuyo,48.31012510120155,24234.353230326284
5322,Maipu,31.65336766811332,14049.333379327354
5308,Capital,36.827443266553566,16411.996259092586
5728,Lujan de Cuyo,26.960264348339138,23646.440077899962
5161,Capital,67.34474481213286,23160.793311098118
5239,Guaymallen,29.40011503942269,15402.318267474478
5614,Maipu,53.41596217912552,14133.375056188848
5278,Maipu,44.09518542393324,17820.657302724834
5603,Godoy Cruz,39.877093093534015,23527.691704316057
5116,Guaymallen,46.94018992762396,17635.146169617165
5747,Godoy Cruz,38.28846242128069,27325.352145462413
5010,Lujan de Cuyo,48.3941755659275,15749.38309557836
5180,Capital,50.985952445836304,12337.177949658086
5442,Guaymallen,36.929611923148805,13281.698234154506
5518,Godoy Cruz,17.616399447261934,12280.978235067512
5609,Godoy Cruz,41.485981795774194,11792.386197611035
5797,Capital,29.32287914546516,8717.881561136943
5021,Capital,43.79074571437534,15603.67814952111
5766,Maipu,42.01647016827335,8942.461536845021
5768,Capital,31.343448531179774,14930.35702548046
5757,Lujan de Cuyo,41.704560240064666,21980.26089976098
5510,Capital,31.587567988206928,9235.030750468852
5634,Maipu,25.843845795222357,10474.694966567655
5496,Lujan de Cuyo,48.22966826697433,13721.818931675682
5176,Guaymallen,31.392186176726902,15321.84286538811
5368,Godoy Cruz,34.65865162731893,15085.751744963885
5695,Lujan de Cuyo,28.288355738333014,12446.19500271911
5187,Guaymallen,43.00079021729053,15024.0129686018
5373,Lujan de Cuyo,66.23046988835604,12997.729838699088
5323,Capital,37.9228084889763,15660.267425507338
5091,Capital,24.115395393097973,16962.93470054095
5055,Capital,33.62598609187157,13992.105198875639
5058,Guaymallen,44.46680466308635,18475.78736221019
5498,Lujan de Cuyo,39.98790813923479,13359.712190228376
5005,Capital,44.72038662550614,10863.468465703216
5052,Maipu,42.235714895696745,9030.478718299059
5458,Maipu,42.15268747228959,15431.564094484947
5078,Godoy Cruz,31.6454836163409,9463.410178130729
5254,Guaymallen,49.17605985826728,15901.574105197178
5687,Godoy Cruz,41.18036439370295,
5068,Guaymallen,33.25415237063106,20286.246606844976
5335,Lujan de Cuyo,23.324375446473343,19299.989899257806
5567,Guaymallen,18.161808411409147,18485.602214597584
5645,Lujan de Cuyo,45.12809335951767,20783.388229604905
5690,Capital,49.70383921755014,14034.915864708273
5623,Lujan de Cuyo,54.731089565908256,23597.841282635003
5295,Lujan de Cuyo,42.62270992048239,20277.941174375097
5754,Godoy Cruz,28.629216368488862,8903.633255205752
5535,Maipu,31.723995033037838,13517.541818809454
5032,Capital,54.88482801194673,22603.806003720252
5383,Godoy Cruz,45.1701963853834,19494.600310614387
5233,Capital,35.73396724804582,15534.562442905764
5582,Maipu,31.033876142814908,7798.754524848858
5101,Maipu,12.28530499508171,9871.389935463187
5303,Godoy Cruz,25.292703707761355,16784.565955316833
5472,Godoy Cruz,33.553005996117584,10793.912408797507
5196,Guaymallen,26.682610723719506,15969.609709354396
5525,Maipu,46.3172374041463,11764.943142875461
5610,Guaymallen,23.789383516170847,13280.565340862862
5084,Maipu,26.695614434608864,14908.548857085761
5255,Maipu,37.985327560638275,16044.570482924102
5594,Lujan de Cuyo,44.404839522279595,14812.194503251667
5014,Lujan de Cuyo,35.775394692942534,12389.019445792354
5658,Maipu,45.521503326375964,23617.10877586383
5454,Guaymallen,31.429397334638402,13465.329402224843
5016,Maipu,52.147749950255445,8534.420429154708
5228,Guaymallen,51.908931698260815,15524.783870688
5643,Lujan de Cuyo,42.09378039740676,14375.20061038814
5126,Guaymallen,57.29980142172451,14433.176546989911
5476,Capital,31.629352329261614,11589.119875883978
5791,Guaymallen,49.22461760203174,15987.81261167797
5148,Maipu,53.91602869231109,10608.473580058173
5781,Capital,50.841812014119355,16871.376730582157
5166,Capital,62.56152250858099,18487.620546871418
5088,Lujan de Cuyo,32.87891429638195,13555.762192875474
5789,Guaymallen,34.55562953448934,22728.540492021508
5376,Capital,33.44755424173981,19728.41324601397
5592,Lujan de Cuyo,49.92633850188368,17442.98556615834
5457,Maipu,22.42319588325144,18866.18738623479
5315,Godoy Cruz,26.599030449476416,18684.547142570464
5147,Guaymallen,39.752423236676755,15487.338334935379
5350,Godoy Cruz,55.135487973352795,17582.045865670098
5684,Godoy Cruz,42.26067446078762,15793.973446020942
5344,Guaymallen,54.90490896321205,14302.397067583752
5580,Maipu,39.3959033635325,13859.992826964366
5383,Godoy Cruz,45.1701963853834,19494.600310614387
5326,Guaymallen,65.13253670390121,21179.949260206016
5584,Godoy Cruz,45.68427592200512,11161.13208366861
5635,Guaymallen,22.698705798126433,16083.975111664015
5779,Lujan de Cuyo,43.345414415910355,19393.35326031304
5300,Lujan de Cuyo,35.21833990173031,4500000.0
5248,Lujan de Cuyo,48.290478081492616,20746.27378840499
5103,Capital,43.93763834310533,11962.497253691981
5229,Maipu,56.2364235179256,13318.748494035004
5753,Lujan de Cuyo,31.596766525293972,6380.196496680901
5041,Maipu,43.44320638401596,8234.800326713268
5672,Maipu,56.75846347793298,15204.286331440882
5707,Godoy Cruz,25.35986139528444,17340.993386432237
5200,Maipu,20.773693496950763,12855.555631107893
5190,Maipu,47.17360564267873,
5075,Lujan de Cuyo,32.19084475351963,16210.623173672824
5511,Maipu,8.384455119789955,12196.256207408003
5723,Capital,29.565260629053988,17710.489385915433
5086,Godoy Cruz,44.67376255468173,12335.579646326849
5721,Maipu,28.962663232711684,19623.022570264453
5218,Lujan de Cuyo,36.791262121336985,8510.603398913605
5499,Capital,29.587862661358542,15821.218768138582
5506,Lujan de Cuyo,31.518021633224567,10235.86378068895
5184,Lujan de Cuyo,39.744571835244024,16863.048868739003
5537,Lujan de Cuyo,41.51340866675238,8413.902705163388
5141,Godoy Cruz,37.867617816893826,8520.007844641656
5773,Guaymallen,18.09830305504189,
5051,Godoy Cruz,27.901468986256173,22647.51165929044
5792,Guaymallen,27.402489886207178,5091.514822318473
5380,Lujan de Cuyo,54.04233605137824,
5095,Godoy Cruz,40.07180010697861,12499.44155840134
5280,Guaymallen,54.873178189593524,23984.863208839608
5348,Capital,30.876389988166633,20611.925124059122
5782,Maipu,37.31729425734786,18102.47194043413
5175,Capital,18.306860181309837,20559.55066842548
5064,Lujan de Cuyo,37.7285615916944,12369.97344927394
5309,Godoy Cruz,38.54704457355651,15312.175773140054
5746,Capital,45.763826130706576,19291.71723691326
5528,Godoy Cruz,45.653317438729346,8459.69292390206
5033,Godoy Cruz,28.263404021052423,18442.194395846687
5764,Guaymallen,42.05059448138486,22476.570763846263
5251,Lujan de Cuyo,37.78185482160932,26523.4098356506
5704,Maipu,41.09753227779139,16231.101653002255
5625,Godoy Cruz,40.079562170022484,20048.025521006686
5199,Capital,49.99512067508995,18231.083196528085
5406,Capital,60.21821954788983,12749.895586125274
5615,Lujan de Cuyo,60.97688305915017,15329.622911381122
5020,Capital,57.31828122102035,14155.620966211121
5395,Capital,65.68868818714951,17942.236749477466
5694,Godoy Cruz,38.6464128785649,13129.696918571277
5120,Godoy Cruz,37.13246551596049,13879.705930996815
5626,Capital,42.63871551605065,13865.6407066691
5205,Lujan de Cuyo,43.811192163040985,14190.685828751868
5795,Godoy Cruz,36.74937136213534,20206.284884522232
5067,Capital,22.296328430990975,12783.039491297
5053,Maipu,52.34270739719723,13510.39168337867
5541,Godoy Cruz,18.95646663225926,8082.879657577954
5730,Guaymallen,29.816914945165482,11599.881854827896
5401,Lujan de Cuyo,43.26160681833825,14881.391889475377
5019,Maipu,19.922780113296184,17684.464717972078
5204,Godoy Cruz,55.2754521685043,12524.251011445414
5522,Capital,25.583662038127464,7411.112521749904
5144,Godoy Cruz,36.80433173569591,9436.325201965945
5081,Godoy Cruz,32.32687676166083,12064.811341829703
5259,Lujan de Cuyo,55.17946265867876,15533.275953900562
5651,Maipu,58.652787696453956,13578.474534368223
5550,Lujan de Cuyo,56.30790763109057,-1500.0
5023,Godoy Cruz,34.82487386326109,14701.93040351019
5574,Godoy Cruz,24.791265648827768,17192.711229038803
5028,Maipu,46.61180155227056,13818.645869945236
5677,Capital,26.244287746007366,21682.095481922675
5216,Maipu,38.96102488762268,11674.139031101686
5790,Maipu,46.09117344032787,13820.40742567421
5561,Lujan de Cuyo,45.25736602665582,15859.985237028033
5356,Capital,36.941382383277855,17182.564319494923
5258,Lujan de Cuyo,35.57184805499595,
5431,Maipu,34.76465806086916,12536.255115477868
5000,Godoy Cruz,54.61207006147773,18767.392477370206
5416,Capital,34.78979465204485,19336.5652969038
5402,Maipu,39.71199489036203,13393.767747307309
5203,Lujan de Cuyo,42.849466769586016,25134.744969203442
5611,Guaymallen,29.12341792692431,20769.498102041915
5668,Maipu,70.50372253388457,
5514,Godoy Cruz,38.821281011642974,18423.781728413564
5433,Godoy Cruz,43.8853345826781,12464.674235939636
5349,Godoy Cruz,43.50943328568981,14813.94688495908
5435,Godoy Cruz,33.19527102731552,20198.721338683958
5192,Guaymallen,46.44202796626769,10543.065080123433
5044,Maipu,36.18883216090494,9991.16291440067
5012,Godoy Cruz,15.205790088855863,19147.333897115037
5268,Lujan de Cuyo,19.998477282993502,
5168,Capital,36.53061534571943,
5390,Capital,39.026092516534554,18210.137502871483
5564,Lujan de Cuyo,21.72330950610696,20955.376633022024
5198,Capital,39.468229240679236,19492.36914160812
5660,Capital,33.81966882230582,10731.834440593615
5485,Lujan de Cuyo,52.1337775692473,17652.929264381615
5464,Maipu,40.643890403277304,19313.21600264012
5121,Maipu,29.887780631287548,12563.631025158184
5775,Lujan de Cuyo,51.8184648877457,8935.917178045114
5135,Lujan de Cuyo,49.13910767895024,13869.18401729548
5260,Lujan de Cuyo,19.332800403614186,10708.556028106183
5207,Capital,24.51512302191691,13715.916254651627
5738,Godoy Cruz,48.83643594193887,16704.929664807398
5043,Godoy Cruz,73.2168823819897,16447.91505447014
5314,Lujan de Cuyo,24.350786914713762,14556.93958853207
5736,Guaymallen,24.96614699613837,13380.833629425515
5772,Capital,16.924566592817623,9325.885620215882
5474,Godoy Cruz,62.0604939956765,
5394,Godoy Cruz,62.92340920283418,16767.665858366476
5636,Godoy Cruz,43.04453986399884,16345.157963864414
5742,Maipu,40.620572343046256,15459.570540293254
5490,Capital,31.463472532601905,18235.458057780186
5188,Godoy Cruz,40.183852742914304,14020.211742948726
5519,Lujan de Cuyo,34.1005904350784,13595.733982329857
5215,Lujan de Cuyo,31.386857875779285,17104.823925706703
5602,Maipu,44.10617402013813,20047.19705829031
5073,Maipu,14.97840541002687,20996.75026591278
5386,Lujan de Cuyo,38.12301547141069,14127.766992468682
5338,Maipu,36.166816122229015,6600.728633975426
5617,Capital,61.19986529766517,9424.874502406092
5657,Maipu,23.080162142420345,13840.157292246142
5483,Capital,22.00709262974403,13234.204125694614
5486,Maipu,8.050276747585386,19290.14653344942
5317,Lujan de Cuyo,25.21523835170766,16243.65172987246
5330,Maipu,41.21621877973186,11914.009236917487
5319,Maipu,44.946317790474936,16058.858166546253
5552,Capital,49.08259218667635,17684.76236438967
5762,Guaymallen,48.57336373847886,13247.705525528861
5463,Lujan de Cuyo,41.53557455253872,9556.654858509559
5267,Lujan de Cuyo,34.36203522165525,13329.78680739889
5588,Godoy Cruz,32.231210662172735,13624.88771344669
5744,Maipu,44.479436133234344,9699.58648495831
5046,Guaymallen,62.97845291576933,14527.70896600641
5098,Capital,44.699883148993486,15904.2364013146
5382,Lujan de Cuyo,32.906863878676546,16829.387885190023
5601,Guaymallen,41.235759506636455,14791.46255288035
5011,Godoy Cruz,30.36240996621764,13861.508967189171
5022,Maipu,21.880870256760396,16331.184569418001
5711,Lujan de Cuyo,53.49652599691622,14520.311709724836
5571,Guaymallen,63.65034442449045,16193.296404060757
5547,Guaymallen,47.42291979892828,12911.39855991264
5389,Guaymallen,28.193016688769944,17157.918773640464
5713,Maipu,42.16291170427421,18110.246106338738
5489,Godoy Cruz,48.02909743085137,21256.389406045026
5408,Guaymallen,31.09824723047624,12405.59068408968
5628,Maipu,36.67550124751834,21422.06734303993
5734,Guaymallen,39.50333263180005,13993.81653647962
5608,Maipu,41.10337247736206,8567.38773448277
5437,Capital,38.632989728696174,13398.607979520251
5367,Guaymallen,35.40798634132792,17224.977234498492
5776,Lujan de Cuyo,40.352591153278816,14842.81689239192
5297,Guaymallen,42.53644600619995,14789.46454563783
5162,Lujan de Cuyo,45.41324691833667,8484.79194335932
5710,Godoy Cruz,45.37387993572635,17799.278608937217
5674,Guaymallen,60.5219503178309,11013.597960826088
5253,Guaymallen,65.37464225802465,14148.596805071824
5217,Godoy Cruz,65.10715551636297,9793.066595041048
5261,Godoy Cruz,47.72002322858771,15409.310911122038
5662,Capital,49.715728436166714,10209.360772141297
5327,Lujan de Cuyo,52.69459321075564,21754.851969863892
5139,Maipu,21.682053278641668,19882.306803739157
5769,Guaymallen,35.50912398516632,14340.10749358161
5031,Godoy Cruz,44.931972490463814,14233.305663936866
5647,Lujan de Cuyo,30.18020423964048,20520.382156929503
5560,Godoy Cruz,60.533088597547625,18751.493749031044
5446,Guaymallen,34.26675087498808,13278.759820873953
5459,Capital,26.255462308096682,16661.818165537286
5632,Guaymallen,54.42024488179579,21000.140679067852
5049,Godoy Cruz,38.916119425533616,9094.078499519033
5238,Lujan de Cuyo,34.623748633072395,15528.096272682138
5061,Lujan de Cuyo,35.11193753045777,14972.138243992527
5242,Maipu,80.58686285339382,16116.335112248415
5706,Lujan de Cuyo,56.28273179928385,13876.5310487994
5760,Lujan de Cuyo,33.10579150129785,13979.167084483342
5616,Maipu,45.28775328686574,14911.64862907329
5679,Lujan de Cuyo,38.318923242788415,5844.010174465073
5432,Capital,54.84442312282712,13006.443505762072
5283,Capital,61.672922497039465,13118.277709560218
5425,Lujan de Cuyo,35.33142203677799,19540.86164486345
5334,Lujan de Cuyo,45.27794321872451,20390.929313150195
5576,Guaymallen,31.545788342977673,23958.705435844553
5529,Capital,31.256519296652172,17586.772842029233
5391,Guaymallen,15.838191964865764,21357.132527218186
5507,Capital,31.780770701710995,10519.632182337937
5298,Lujan de Cuyo,51.16311211425253,16990.34792691317
5787,Guaymallen,36.81872847032362,15120.538561242822
5060,Capital,58.43650926209261,15920.0079600447
5436,Guaymallen,50.966207771388724,14275.060071607304
5399,Lujan de Cuyo,37.00351612035079,14053.37352927953
5629,Maipu,30.908600669467795,14222.667076413007
5050,Lujan de Cuyo,46.33947886528006,10505.769673727003
5325,Capital,13.271149500002771,9979.003188984596
5293,Godoy Cruz,36.17230151896954,13172.116796677365
5729,Godoy Cruz,21.805620448328387,13641.18185876887
5423,Guaymallen,30.916786980367277,13876.738025693789
5313,Maipu,29.518389873175508,8383.841263302278
5361,Guaymallen,31.725648301212026,13725.500178876975
5140,Godoy Cruz,44.37920092734193,18026.96644416447
5213,Capital,67.81139174198113,6796.156434842163
5097,Capital,25.4493578383051,10102.6277166747
5385,Maipu,32.28905058879713,17938.99162092808
5666,Lujan de Cuyo,40.150522784924505,15879.621470421655
5455,Maipu,38.82750847911874,12577.895686183761
5388,Guaymallen,51.07760339620131,6134.161673425444
5278,Maipu,44.09518542393324,17820.657302724834
5109,Capital,46.949220119104695,15681.788585454418
5124,Guaymallen,66.04513041025199,19309.03442520121
5357,Lujan de Cuyo,48.931617203572245,18420.048136187943
5299,Maipu,33.76561870288091,8475.079004551444
5670,Lujan de Cuyo,52.05214843213007,18975.19568845762
5538,Godoy Cruz,48.883314408509364,18957.415556785094
5219,Godoy Cruz,18.741385392809462,15546.196918907504
5644,Capital,28.533037510278767,12100.334343249644
5420,Maipu,35.60140098207854,13818.842784002998
5369,Maipu,22.34777401081542,19887.641944467447
5145,Godoy Cruz,51.999086170998424,19511.401860355058
5065,Guaymallen,37.65911586741795,17676.529188724522
5471,Capital,27.812844507145574,6040.32933399644
5318,Godoy Cruz,39.660384441705574,20832.617139286056
5172,Godoy Cruz,35.39719038849329,13676.259805557984
5675,Guaymallen,51.40800635707663,14330.265057047593
5469,Maipu,40.23131362206428,11192.594210675006
5780,Maipu,55.814085648936,12334.625765989687
5488,Guaymallen,46.35308845101596,16751.916351290878
5173,Capital,34.891726412877695,12725.74445630541
5468,Lujan de Cuyo,40.415499573970756,9345.709633430703
5004,Godoy Cruz,21.361467690573505,12783.913369677579
5767,Lujan de Cuyo,38.7218638060175,20604.331694725806
5794,Godoy Cruz,48.92773830776263,9126.869963011482
5735,Maipu,33.75822743477818,16658.03087280932
5451,Maipu,42.590974556488455,15670.82001998798
5740,Maipu,49.719382570878025,16672.634629665466
5093,Maipu,50.91744072593244,7414.706780493951
5714,Lujan de Cuyo,43.793883892182244,15559.861434011425
5479,Lujan de Cuyo,49.71861247192041,15135.650522516142
5405,Maipu,47.489961404654906,16276.841413511422
5604,Godoy Cruz,38.151007927465116,13981.158997322918
5692,Maipu,49.04872339642696,9230.505521069492
5404,Lujan de Cuyo,39.52474827186836,24134.75822140641
5424,Capital,58.535454898910714,4669.503476343736
5671,Guaymallen,35.12955776170507,12844.42893790224
5288,Lujan de Cuyo,42.07023650130199,20884.358906702913
5478,Godoy Cruz,43.42996227413855,14782.804400722032
5453,Guaymallen,26.20379169947069,17849.657522604382
5521,Godoy Cruz,38.96887712083613,12511.418613521402
5553,Guaymallen,51.947053013169814,14921.512906691552
5384,Guaymallen,40.45677661579601,18928.29232641716
5585,Maipu,11.849271763948945,14657.13760519378
5110,Maipu,45.19708310752331,20067.60339978718
5622,Godoy Cruz,42.556371983544715,12753.220523761687
5549,Capital,47.24867757424267,17434.17248091655
5651,Maipu,58.652787696453956,13578.474534368223
5006,Guaymallen,27.150159744244448,17111.701219310937
5439,Godoy Cruz,36.60619882120055,17331.42956563965
5195,Maipu,34.65776181030424,22433.26051664025
5591,Godoy Cruz,43.90379827213988,15516.469391413757
5590,Guaymallen,46.11866673493368,14660.476329347497
5243,Maipu,53.76618952067008,19067.629125375246
5448,Godoy Cruz,48.8831956534393,14425.877622154196
5470,Capital,32.3007007674428,13929.059261107885
5586,Guaymallen,31.02201181311466,12394.215492475407
5589,Lujan de Cuyo,59.878639297215145,25218.1223848226
5456,Guaymallen,66.88137136336725,14745.168671196468
5495,Maipu,21.222080653044095,20293.69150033115
5013,Capital,16.27144907516132,17485.436375836325
5177,Godoy Cruz,39.40949485696179,12038.59187430476
5429,Lujan de Cuyo,41.52278845465698,19528.89111891602
5752,Maipu,52.055968204351664,15135.273003176766
5621,Lujan de Cuyo,44.47846648381439,15383.798755370915
5310,Capital,77.21613712025962,17857.541911474407
5731,Capital,27.565505870846366,22287.016607028523
5659,Maipu,30.93616744031676,9210.668028566528
5798,Guaymallen,54.355223425812866,20597.178710828262
5648,Godoy Cruz,46.700930237385016,10380.859798014611
5128,Lujan de Cuyo,42.67815247049194,17902.172580517537
5565,Maipu,34.45119231145829,
5045,Lujan de Cuyo,35.51468000684565,18019.893466060574
5374,Lujan de Cuyo,59.87419110853906,11428.25272404578
5758,Lujan de Cuyo,45.556473103722794,9463.79341910666
5117,Guaymallen,37.848922849904426,14970.107463463997
5620,Lujan de Cuyo,38.443699382040776,20239.76569741949
5494,Lujan de Cuyo,53.78568657159663,17863.009022384824
5649,Capital,43.27808026248923,19754.436410446993
5685,Godoy Cruz,46.44381727912579,17205.195864944748
5342,Capital,24.996441732512203,16514.831931522298
5523,Maipu,44.47297931200127,15497.069464382903
5678,Godoy Cruz,26.853553580345043,14599.33903560774
5559,Godoy Cruz,20.31088339361658,11299.669081320786
5105,Capital,45.5999816060636,15553.745480535954
5438,Maipu,25.14900882441259,16792.84998088828
5015,Lujan de Cuyo,850.0,14025.852182776182
5137,Maipu,38.821258664618476,9912.79675783819
5555,Godoy Cruz,34.6619659512448,13092.817627325621
5054,Lujan de Cuyo,35.799898107290566,10791.658646103817
5341,Maipu,46.98544232527864,19791.418945980102
5426,Godoy Cruz,30.658156898021453,17075.808313532896
5500,Godoy Cruz,33.593318640026276,20584.50542771073
5722,Godoy Cruz,16.238586527154176,19403.7571907229
5460,Maipu,28.54274093986964,
5363,Lujan de Cuyo,31.245687612051483,20586.164909945142
5119,Maipu,30.25383047277583,7299.882189759995
5631,Maipu,23.617516016620407,8450.73884753387
5606,Guaymallen,23.52596239724164,11850.469232239198
5492,Maipu,33.03841113003076,22538.185867929253
5480,Maipu,36.85460353724687,17411.349928488893
5618,Godoy Cruz,58.236289643186836,13833.892292938206
5029,Godoy Cruz,37.4452593447769,15933.051380076524
5516,Godoy Cruz,14.836329827789818,23210.732244605788
5133,Lujan de Cuyo,37.674468988982326,12699.285309039335
5419,Maipu,27.071491193709818,19028.91206586137
5329,Godoy Cruz,58.816725585415426,16194.290680185277
5134,Lujan de Cuyo,50.20638961752913,13048.735011415274
5305,Guaymallen,27.870828312598302,12519.046739679798
5083,Lujan de Cuyo,37.44492433532774,14993.980217943117
5739,Maipu,47.92777850967597,18146.123270937776
5286,Lujan de Cuyo,52.95949905596848,12128.704082759677
5282,Maipu,29.82484520102475,17323.206045958224
5057,Godoy Cruz,31.9634326605131,16636.022274803167
5355,Guaymallen,33.457164165548456,14097.202097203382
5515,Godoy Cruz,44.240933512433614,9842.359787179637
5718,Capital,58.43727226085856,19338.72385286215
5208,Capital,29.42630988753689,9260.617595463857
5551,Godoy Cruz,27.29538622329785,12528.957737514324
5581,Guaymallen,45.58153210358141,11922.496029376985
5497,Capital,35.308454685221086,19244.97006855069
5669,Guaymallen,52.05737209538099,11718.79070759246
5026,Lujan de Cuyo,48.19256676718318,17138.454874037074
5365,Godoy Cruz,29.47996721579294,18892.96179805565
5185,Capital,41.856189514053824,19695.912982042377
5003,Capital,36.48831898682306,14266.514386262552
5428,Lujan de Cuyo,21.191379380826334,16385.90183308057
5085,Maipu,52.856558005497384,18746.107570272306
5240,Lujan de Cuyo,52.400247025676876,18468.351182907536
5600,Guaymallen,49.39629039320707,13191.244313029134
5705,Lujan de Cuyo,42.714000025636395,15863.625957530874
5520,Lujan de Cuyo,22.28485776346059,13937.54715660409
5273,Godoy Cruz,55.129622107137926,20339.141169488164
5575,Guaymallen,52.37943608153414,15868.452639042827
5633,Guaymallen,35.493868035488006,17547.748206573524
5197,Maipu,32.90337585052439,
5508,Godoy Cruz,35.03984329199047,17548.512869381266
5512,Lujan de Cuyo,33.01777965509463,13005.690108001261
5539,Guaymallen,38.04648106151204,20142.53391986766
5654,Guaymallen,42.998907981208525,16029.798689649253
5414,Capital,32.809745350011184,17720.28967955425
5130,Guaymallen,25.106737513535272,13647.43399495639
5182,Guaymallen,38.38129688346106,11917.056326513308
5178,Godoy Cruz,70.33253749069004,20586.952381910967
5720,Guaymallen,33.1466107166479,
5111,Lujan de Cuyo,38.53084246494587,17104.994449077105
5231,Maipu,39.80608846298789,17260.92916559501
5224,Godoy Cruz,40.7075150046285,
5398,Maipu,38.243342898441256,11692.556850377845
5153,Maipu,44.2789250863866,14018.677402563462
5331,Capital,46.31681520467477,17078.941712714273
5279,Capital,42.21306772786502,16271.242199476452
5793,Maipu,53.14234846067754,7179.89087053743
5266,Maipu,24.116399582382897,13535.317865186105
5397,Maipu,43.99883509659611,12670.421284831069
5062,Capital,59.00294911069468,12336.33062499529
5118,Guaymallen,32.16979241881539,15682.857558674932
5289,Guaymallen,58.52788393630105,22157.450857665608
5063,Lujan de Cuyo,43.498611627213656,17054.235553808412
5447,Lujan de Cuyo,49.41308978563575,18754.20373891297
5149,Capital,38.105454866570824,6847.292936341365
5569,Godoy Cruz,44.61616943920169,15782.700378375075
5610,Guaymallen,23.789383516170847,13280.565340862862
5624,Lujan de Cuyo,64.47385325406154,18672.602272446664
5449,Capital,50.728256970449294,17449.64970226396
5726,Godoy Cruz,22.711168265699847,12798.961195865484
5671,Guaymallen,35.12955776170507,12844.42893790224
5048,Godoy Cruz,38.929536071460625,14090.116671240852
5676,Godoy Cruz,19.33004356677354,9119.709251939985
5025,Guaymallen,54.882523088896875,14213.723258441603
5466,Guaymallen,45.37290593983451,
5142,Guaymallen,-45.0,13222.797943474976
5545,Guaymallen,68.70171026406942,18510.15568457313
5307,Guaymallen,54.90844697344578,15639.774487353585
5272,Maipu,39.49063960350157,14961.834449212882
5717,Guaymallen,54.388836237820605,24043.950798781334
5339,Guaymallen,52.18301487958925,14590.89244733338
5123,Capital,40.58836195378414,15450.241458868762
5292,Capital,51.09156032885987,7586.009570266852
5336,Capital,43.64519029952975,15136.975403453209
5578,Guaymallen,22.17878829773996,7650.897593746308
5716,Capital,29.826399095892143,10454.337132936365
5732,Capital,40.41356906641866,12521.144159397176
5214,Capital,36.66285203480051,19861.671670850486
5473,Maipu,48.683423573160965,15332.336705522366
5156,Godoy Cruz,52.021073444475874,14612.498651550455
5530,Godoy Cruz,35.43596462203586,16657.786829972
5038,Lujan de Cuyo,45.0474776726994,11134.841652854819
5774,Lujan de Cuyo,54.154424412572254,16975.71671953729
5612,Capital,35.74933566748568,15365.007947077325
5114,Godoy Cruz,28.26311545864746,17263.09442054623
5223,Guaymallen,46.13659456592123,10522.907136560714
5688,Lujan de Cuyo,45.75020736924286,11552.103300393115
5452,Guaymallen,39.68821985864959,16817.037732048295
5332,Guaymallen,44.39253882033982,23986.141916829616
5653,Guaymallen,38.331915351180065,14382.21784666488
5743,Lujan de Cuyo,48.90957897214755,18308.19888221974
5263,Godoy Cruz,65.20129514425828,18928.76447838392
5563,Godoy Cruz,61.68851760926253,17476.183168001222
5353,Lujan de Cuyo,36.12891290665675,18849.85754136262
5212,Godoy Cruz,34.85456521329233,17648.623667231048
5154,Guaymallen,32.659624816200115,
5542,Lujan de Cuyo,42.40517084715054,17268.4666024985
5737,Lujan de Cuyo,37.0062693663691,10717.900693347612
5526,Godoy Cruz,40.327875130963676,16484.676336351
5682,Capital,24.537171384301043,13687.123770840408
5362,Capital,40.607751236965804,16073.768030352765
5566,Godoy Cruz,38.565892039917536,10713.054304759698
5785,Capital,39.22047563853394,16003.415284185347
5650,Maipu,34.740008291534906,9893.54215376658
5719,Godoy Cruz,22.371410232992087,15477.554218080842
5640,Lujan de Cuyo,43.02176453390649,16381.838401534806
5568,Godoy Cruz,24.02870617946956,15886.298110373464
5577,Godoy Cruz,37.29279517671011,15887.458884422744
5493,Godoy Cruz,45.11808278372162,23232.82015466087
5417,Lujan de Cuyo,37.468776344968084,11447.625769184833
5202,Guaymallen,35.666114903734524,16811.754204034456
5302,Maipu,52.472760336658936,13510.811912434798
5290,Maipu,52.81469329066705,19950.2560648189
5230,Guaymallen,29.50486402031482,13325.385453350242
5554,Capital,50.78726617201232,12366.218008158061
5237,Capital,47.91857719654278,11016.262481238406
5112,Godoy Cruz,31.386194099739562,21184.763918332465
5191,Lujan de Cuyo,60.91265985458064,12184.349632048557
5467,Guaymallen,55.037489726685834,9702.980723058572
5040,Capital,25.15838124300063,13053.607924499931
5652,Godoy Cruz,36.35452357688398,14363.180137014595
5457,Maipu,22.42319588325144,18866.18738623479
5152,Lujan de Cuyo,44.88270632353796,
5462,Lujan de Cuyo,16.64927803402689,18705.730508861434
5491,Guaymallen,41.34499321276123,14941.20008098325
5274,Capital,43.80353733562253,12798.894773931092
5039,Maipu,44.075940782267686,18781.085722327483
5411,Maipu,11.296600818442379,10930.128665896602
5505,Godoy Cruz,56.58279053027107,23371.81258039234
5413,Lujan de Cuyo,60.843361821421524,3729.2707003822416
5683,Capital,54.71719785305711,14904.573226827653
5159,Lujan de Cuyo,50.23829335606446,16915.25969028594
5211,Guaymallen,11.848276944329498,15874.080074965148
5481,Capital,50.672174588793965,17181.132725975298
5597,Guaymallen,32.88871069984883,7862.097367504745
5662,Capital,49.715728436166714,10209.360772141297
5181,Capital,31.038501289608746,21272.320300216415
5418,Capital,52.34807872273515,11716.985861362875
5593,Maipu,43.94797517754056,16384.09307560028
5509,Godoy Cruz,32.53137419083797,20787.474867534365
5665,Maipu,51.089893378772366,12660.09769857374
5238,Lujan de Cuyo,34.623748633072395,15528.096272682138
5788,Guaymallen,39.49662208458911,12830.939870702687
5235,Godoy Cruz,54.829591766421935,18634.066288307597
5080,Maipu,41.36305386215147,17624.62531796754
5532,Lujan de Cuyo,32.393329162645955,16079.667441025364
5504,Maipu,32.58180850836153,9633.294422698333
5284,Maipu,43.40625357755667,19369.8879675737
5037,Guaymallen,44.92812573282415,14055.174403044552
5630,Lujan de Cuyo,37.154866420273756,15784.538341530233
5155,Capital,33.69987605227782,15824.278566213889
5407,Lujan de Cuyo,49.88199771920077,23359.068414453097
5092,Lujan de Cuyo,21.904721911771176,11320.52380237104
5796,Lujan de Cuyo,74.54825991661909,18124.86297300298
5163,Godoy Cruz,36.717777546218244,17892.932608643292
5018,Capital,29.63451142878528,10288.018266367435
5077,Lujan de Cuyo,46.091299196050194,
5421,Capital,43.912987692494255,12369.74524834619
5724,Capital,30.480288701601012,14633.896449233109
5613,Maipu,43.82928442389552,11730.546079896516
5102,Capital,33.16937945190994,18146.81934500672
5755,Guaymallen,30.240205195490013,9986.473881205662
5422,Maipu,52.30018450287632,13056.45123009753
5499,Capital,29.587862661358542,15821.218768138582
5105,Capital,45.5999816060636,15553.745480535954
5461,Godoy Cruz,58.91596721212211,13134.159313276257
5656,Guaymallen,60.26334865486101,11413.39473449587
5364,Maipu,48.51046034988371,22096.547464396128
5484,Capital,29.513428328596024,14195.447377996175
5686,Guaymallen,34.96065511751876,14166.534832517746
5256,Godoy Cruz,33.740853097991625,13568.796970009773
5503,Godoy Cruz,52.81716827610066,16048.150149711399
5337,Guaymallen,29.260358055794235,20673.460967611005
5042,Lujan de Cuyo,34.10726400239266,14689.838357007566
5727,Guaymallen,56.206720416312265,15220.58552374495
5165,Guaymallen,58.38129543928244,18762.6681073161
5708,Guaymallen,43.89502624652735,10688.937488540098
5573,Maipu,41.228347378726816,12798.893223147432
5099,Guaymallen,33.639075860068544,14185.45882221627
5733,Capital,39.626630358883475,12786.673936398169
5777,Guaymallen,34.31093925186719,15148.70702450534
5087,Lujan de Cuyo,55.91765993776417,15632.793649668796
5346,Guaymallen,32.73611398041658,
5697,Lujan de Cuyo,43.64296823629719,11706.12218494912
5702,Maipu,16.458640759529533,17415.983694574497
5443,Lujan de Cuyo,-1.9208508223608476,7471.93603375667
5638,Guaymallen,35.57154797424684,12453.465927123372
5136,Guaymallen,47.05571743573192,
5257,Capital,42.951921493639325,
5487,Maipu,47.264446813553626,13952.829302036704
5244,Lujan de Cuyo,51.42651917600753,16210.700909132791
5294,Godoy Cruz,39.52954115626491,16709.654520118474
5771,Capital,25.438863349236172,11684.846444727675
5306,Maipu,57.33564824197539,18624.47456681431
5696,Capital,22.582514284788218,
5170,Capital,30.026933705901072,16411.792516767284
5164,Guaymallen,20.992806136541542,6731.245011423198
5146,Capital,43.74249412274437,13633.198924242743
5691,Guaymallen,21.3384948634181,16369.839261852181
5360,Lujan de Cuyo,32.991560696916764,8373.96094911391
5556,Guaymallen,12.276860361821573,17366.304336432575
5698,Guaymallen,37.82575031002615,13839.522797381818
5599,Maipu,38.7047428692316,19737.168001434016
5024,Lujan de Cuyo,38.99673852751282,15815.32478119113
5555,Godoy Cruz,34.6619659512448,13092.817627325621
5378,Guaymallen,39.54447673830655,16788.91180233645
5008,Maipu,33.274435157253905,17928.570517336982
5370,Lujan de Cuyo,46.40601474274959,14611.27555147295
5328,Godoy Cruz,56.52266272388238,19483.40132324041
5296,Capital,13.993609478536758,11140.680383883404
5234,Lujan de Cuyo,53.79881584978425,19646.594326571365
5171,Godoy Cruz,35.96734361367877,14284.427174339013
5277,Godoy Cruz,43.56171543376139,10677.62444392371
5709,Maipu,55.879003504403684,17678.615390301034
5340,Guaymallen,41.26698578253048,12395.259079229203
5393,Lujan de Cuyo,39.466218125441344,10436.557408150284
5354,Godoy Cruz,53.985679213419544,17579.49302580688
5017,Guaymallen,52.972001698091574,9806.23738319245
5321,Capital,27.446320342540773,13689.4283936629
5465,Godoy Cruz,28.007062827195057,12373.431492592477
5245,Godoy Cruz,32.30451563308308,20726.972700437866
5047,Lujan de Cuyo,61.286541648680796,11847.455561952802
5069,Lujan de Cuyo,36.1773319654445,18827.410637893925
5275,Lujan de Cuyo,57.13245823327312,16552.674640988444
5189,Maipu,40.09202175870196,17819.379248288526
5637,Lujan de Cuyo,30.474661863402083,12951.948752497377
5125,Lujan de Cuyo,62.95239800602194,13290.704653698485
5375,Capital,47.85641631775544,14162.355044332078
5262,Capital,48.88322462847437,
5379,Maipu,32.197074691593954,13561.257699992051
5359,Maipu,55.46255664400684,12699.906431881858
5320,Godoy Cruz,33.475096777054986,14571.677207836303
5227,Capital,52.91354571708897,9914.007046949086
5250,Lujan de Cuyo,51.076778569301226,19499.786389671302
5642,Capital,20.658504657143872,14203.121799947809
5347,Capital,28.982079759243497,8677.545836655056
5534,Godoy Cruz,39.535952271398806,10352.80010006878
5607,Maipu,51.696569823645895,18336.896962613566
5107,Guaymallen,36.73406859575884,24767.47217769814
5513,Lujan de Cuyo,35.01076965141509,18439.0947342613
5737,Lujan de Cuyo,37.0062693663691,10717.900693347612
5132,Godoy Cruz,56.92225647516384,16078.559724386429
5572,Godoy Cruz,10.43833085378828,18109.45254357416
5089,Guaymallen,33.965173162917395,11399.227715469246
5226,Capital,35.1574288302147,11567.996419429168
5072,Guaymallen,42.47706731487488,12016.758135500862
5583,Capital,34.8546728814811,10059.755579762095
5477,Capital,27.046811899878964,16010.561035247514
5034,Lujan de Cuyo,45.81432448157163,16408.205860722315
5252,Guaymallen,22.557864147095227,12279.419204101949
5002,Godoy Cruz,42.693236015925265,20998.856585078618
5066,Capital,51.37811756529796,9915.977779664834
5304,Lujan de Cuyo,45.162120876096864,10812.860202891045
5763,Capital,38.698262812122046,17638.754932079675
5387,Lujan de Cuyo,50.573398691016784,18591.743506397313
5527,Godoy Cruz,19.34132290085494,14002.223574523066
5761,Maipu,45.005509956913116,
5365,Godoy Cruz,29.47996721579294,18892.96179805565
